{"header": {"name": "report_01-05-2024_19-43-32", "dataset": "ADNI1_Complete 1Yr 1.5T (preprocessed)", "features": ["Memory Score", "Executive Function", "Language Cognition", "Visuo-spatial Score", "Executive Function 2", "Age", "Sex"], "architecture": "ResNet", "batch size": 1, "samples per epoch": 64, "epochs": 1, "training duration": 40.477418422698975}, "loss": [7.13688325881958, 6.012686252593994, 5.070349216461182, 6.048504829406738, 5.559628486633301, 5.336258411407471, 4.8155951499938965, 4.684433937072754, 4.373818874359131, 4.712294578552246, 4.583250522613525, 4.386701583862305, 4.263119220733643, 4.428124904632568, 4.30736780166626, 4.168457508087158, 4.041463851928711, 3.92594313621521, 4.029442310333252, 4.137701511383057, 4.156994819641113, 4.226451873779297, 4.237442493438721, 4.291929721832275, 4.30391263961792, 4.30848503112793, 4.307410717010498, 4.2911810874938965, 4.239597797393799, 4.230569362640381, 4.2075982093811035, 4.178183078765869, 4.146879196166992, 4.124319553375244, 4.085060119628906, 4.091156482696533, 4.060713291168213, 4.059054851531982, 4.045616149902344, 4.014144420623779, 3.9796652793884277, 3.975672483444214, 3.944035053253174, 3.9121129512786865, 3.916368007659912, 3.9131317138671875, 3.9221882820129395, 3.8911502361297607, 3.8619132041931152, 3.8664779663085938, 3.8391971588134766, 3.8148088455200195, 3.8254246711730957, 3.8328161239624023, 3.806837797164917, 3.783628225326538, 3.789140462875366, 3.7648003101348877, 3.772484064102173, 3.7801907062530518, 3.7875754833221436, 3.7953107357025146, 3.8005928993225098, 3.806370973587036], "accuracy": [0.0, 0.0, 0.0, 0.0, 0.20000000298023224, 0.1666666716337204, 0.1428571492433548, 0.25, 0.2222222238779068, 0.20000000298023224, 0.27272728085517883, 0.25, 0.3076923191547394, 0.2857142984867096, 0.3333333432674408, 0.375, 0.4117647111415863, 0.4444444477558136, 0.42105263471603394, 0.4000000059604645, 0.380952388048172, 0.3636363744735718, 0.3478260934352875, 0.3333333432674408, 0.3199999928474426, 0.3076923191547394, 0.29629629850387573, 0.2857142984867096, 0.3103448152542114, 0.30000001192092896, 0.29032257199287415, 0.28125, 0.27272728085517883, 0.29411765933036804, 0.2857142984867096, 0.2777777910232544, 0.2702702581882477, 0.2631579041481018, 0.28205129504203796, 0.2750000059604645, 0.26829269528388977, 0.2857142984867096, 0.27906978130340576, 0.27272728085517883, 0.2666666805744171, 0.28260868787765503, 0.27659574151039124, 0.2708333432674408, 0.26530611515045166, 0.2800000011920929, 0.27450981736183167, 0.26923078298568726, 0.2641509473323822, 0.25925925374031067, 0.2545454502105713, 0.25, 0.24561403691768646, 0.24137930572032928, 0.23728813230991364, 0.23333333432674408, 0.2295081913471222, 0.22580644488334656, 0.2222222238779068, 0.234375]}