{"header": {"name": "report_01-05-2024_19-51-41", "dataset": "ADNI1_Complete 1Yr 1.5T (preprocessed)", "features": ["Memory Score", "Executive Function", "Language Cognition", "Visuo-spatial Score", "Executive Function 2", "Age", "Sex"], "architecture": "ResNet", "batch size": 2, "samples per epoch": 64, "epochs": 1, "training duration": 41.35490012168884}, "loss": [0.5790102481842041, 5.429403781890869, 7.12560510635376, 6.570769309997559, 6.9544997215271, 6.2956976890563965, 6.812024116516113, 6.321605682373047, 5.8229827880859375, 6.628892421722412, 6.827691555023193, 7.030467510223389, 6.77979850769043, 6.553807258605957, 6.274808883666992, 6.0874481201171875, 5.865485191345215, 5.904134750366211, 5.876335144042969, 5.695040702819824, 5.538552284240723, 5.409628391265869, 5.385576248168945, 5.416554927825928, 5.301705360412598, 5.192833423614502, 5.307277202606201, 5.20663595199585, 5.199178218841553, 5.270745754241943, 5.342604160308838, 5.334037780761719], "accuracy": [1.0, 0.75, 0.5, 0.5, 0.5, 0.5, 0.4285714328289032, 0.5, 0.5555555820465088, 0.5, 0.4545454680919647, 0.4166666567325592, 0.38461539149284363, 0.3571428656578064, 0.36666667461395264, 0.34375, 0.3529411852359772, 0.3333333432674408, 0.31578946113586426, 0.32499998807907104, 0.3333333432674408, 0.3181818127632141, 0.32608696818351746, 0.3125, 0.3199999928474426, 0.3076923191547394, 0.29629629850387573, 0.2857142984867096, 0.27586206793785095, 0.2666666805744171, 0.25806450843811035, 0.265625]}