{"header": {"name": "report_08-05-2024_00-52-14", "dataset": "ADNI1_Complete 1Yr 1.5T (preprocessed)", "features": ["Executive Function", "Language Cognition", "Executive Function 2"], "architecture": "ResNet", "batch size": 1, "samples per epoch": 64, "epochs": 1, "training duration": 41.112245082855225}, "loss": [2.034825563430786, 1.9574511051177979, 1.9303423166275024, 2.576392650604248, 3.3311896324157715, 3.8957111835479736, 3.5898685455322266, 3.8732035160064697, 3.6437110900878906, 3.7475807666778564, 3.8854868412017822, 3.716176986694336, 3.8284642696380615, 3.8941330909729004, 3.9488511085510254, 3.977451801300049, 4.003760814666748, 4.022992134094238, 4.052585601806641, 4.074852466583252, 3.988401412963867, 4.003349304199219, 3.929260015487671, 3.9426701068878174, 3.8768045902252197, 3.819424629211426, 3.7614634037017822, 3.7042076587677, 3.7131991386413574, 3.660747766494751, 3.6137914657592773, 3.566530227661133, 3.5199241638183594, 3.5341475009918213, 3.49159574508667, 3.508382797241211, 3.4716408252716064, 3.4895577430725098, 3.509089469909668, 3.476653575897217, 3.4422860145568848, 3.481832265853882, 3.447763442993164, 3.4126768112182617, 3.429530143737793, 3.454174518585205, 3.4689948558807373, 3.4361162185668945, 3.4067344665527344, 3.435882806777954, 3.409053325653076, 3.3849563598632812, 3.3999462127685547, 3.417923927307129, 3.389662504196167, 3.364121198654175, 3.3772127628326416, 3.352053642272949, 3.3650400638580322, 3.376955270767212, 3.3885233402252197, 3.400893449783325, 3.411402702331543, 3.438455581665039], "accuracy": [1.0, 1.0, 1.0, 0.75, 0.6000000238418579, 0.5, 0.5714285969734192, 0.5, 0.5555555820465088, 0.5, 0.4545454680919647, 0.5, 0.4615384638309479, 0.4285714328289032, 0.4000000059604645, 0.4375, 0.47058823704719543, 0.5, 0.4736842215061188, 0.44999998807907104, 0.4285714328289032, 0.40909090638160706, 0.3913043439388275, 0.375, 0.36000001430511475, 0.3461538553237915, 0.3333333432674408, 0.3214285671710968, 0.3448275923728943, 0.3333333432674408, 0.32258063554763794, 0.34375, 0.3636363744735718, 0.38235294818878174, 0.4000000059604645, 0.3888888955116272, 0.37837839126586914, 0.3684210479259491, 0.38461539149284363, 0.375, 0.39024388790130615, 0.380952388048172, 0.39534884691238403, 0.40909090638160706, 0.4000000059604645, 0.41304346919059753, 0.40425533056259155, 0.4166666567325592, 0.4285714328289032, 0.41999998688697815, 0.4313725531101227, 0.42307692766189575, 0.4150943458080292, 0.40740740299224854, 0.41818180680274963, 0.4285714328289032, 0.42105263471603394, 0.43103447556495667, 0.4237288236618042, 0.4166666567325592, 0.4098360538482666, 0.4032258093357086, 0.3968254029750824, 0.390625]}